City_ID,City,Lat,Lng,Max Temp,Humidity,Cloudiness,Wind Speed,Country,Date
0,Teya,60.3778,92.6267,14.81,96,77,1.14,RU,2022-04-26 23:27:56
1,Ushuaia,-54.8,-68.3,38.86,87,75,11.5,AR,2022-04-26 23:27:53
2,Olafsvik,64.8945,-23.7142,42.51,78,100,5.08,IS,2022-04-26 23:27:56
3,Ambunti,-4.2365,142.8448,83.05,72,84,2.06,PG,2022-04-26 23:27:57
4,Arequipa,-16.3989,-71.535,60.87,55,0,4.61,PE,2022-04-26 23:24:54
5,Kirakira,-10.4544,161.9205,83.82,75,67,7.25,SB,2022-04-26 23:27:57
6,Wilmington,34.2257,-77.9447,75.11,70,20,17.27,US,2022-04-26 23:27:57
7,Guiren,33.6697,118.1889,60.69,58,94,16.13,CN,2022-04-26 23:27:58
8,Bluff,-46.6,168.3333,55.8,78,83,8.93,NZ,2022-04-26 23:27:58
9,College,64.8569,-147.8028,51.75,43,75,4.61,US,2022-04-26 23:27:58
10,Bredasdorp,-34.5322,20.0403,54.91,78,1,2.98,ZA,2022-04-26 23:27:59
11,Iqaluit,63.7506,-68.5145,6.53,77,40,12.66,CA,2022-04-26 23:27:59
12,Clyde River,70.4692,-68.5914,7.03,85,20,14.97,CA,2022-04-26 23:27:59
13,Hilo,19.7297,-155.09,85.28,84,75,14.97,US,2022-04-26 23:28:00
14,Atuona,-9.8,-139.0333,78.87,76,17,20.54,PF,2022-04-26 23:28:00
15,Sosnovo-Ozerskoye,52.5249,111.5418,27.12,46,40,4.83,RU,2022-04-26 23:28:00
16,Tuktoyaktuk,69.4541,-133.0374,15.8,92,40,8.05,CA,2022-04-26 23:28:01
17,Victoria,22.2855,114.1577,82.45,82,4,4.0,HK,2022-04-26 23:24:39
18,Avarua,-21.2078,-159.775,84.25,79,20,8.05,CK,2022-04-26 23:26:08
19,Mar Del Plata,-38.0023,-57.5575,64.42,100,100,21.99,AR,2022-04-26 23:28:01
20,Mataura,-46.1927,168.8643,55.47,97,96,2.86,NZ,2022-04-26 23:28:01
21,Hasaki,35.7333,140.8333,70.2,89,100,21.99,JP,2022-04-26 23:28:02
22,Rikitea,-23.1203,-134.9692,78.22,69,100,20.49,PF,2022-04-26 23:28:02
23,Bengkulu,-3.8004,102.2655,76.53,89,46,3.69,ID,2022-04-26 23:24:04
24,Punta Arenas,-53.15,-70.9167,35.71,75,40,8.05,CL,2022-04-26 23:28:03
25,Hobart,-42.8794,147.3294,53.26,91,75,9.22,AU,2022-04-26 23:26:21
26,Kapaa,22.0752,-159.319,80.58,81,100,14.97,US,2022-04-26 23:28:03
27,Urumqi,43.801,87.6005,45.55,71,0,2.24,CN,2022-04-26 23:24:59
28,Necochea,-38.5473,-58.7368,66.92,90,99,10.18,AR,2022-04-26 23:28:03
29,Chicama,-7.8447,-79.1469,63.14,77,36,8.25,PE,2022-04-26 23:28:04
30,Vaini,-21.2,-175.2,78.96,65,20,13.8,TO,2022-04-26 23:26:06
31,Lebu,-37.6167,-73.65,49.86,81,7,8.34,CL,2022-04-26 23:24:09
32,Mayskiy,47.6931,40.1025,56.61,65,70,7.96,RU,2022-04-26 23:28:04
33,Ambon,-3.6954,128.1814,78.94,94,20,0.0,ID,2022-04-26 23:28:04
34,Cherskiy,68.75,161.3,32.32,90,98,5.59,RU,2022-04-26 23:28:05
35,Veraval,20.9,70.3667,79.63,77,0,11.86,IN,2022-04-26 23:25:23
36,Evensk,61.95,159.2333,29.23,93,100,2.91,RU,2022-04-26 23:28:05
37,Outjo,-20.1167,16.15,68.7,34,30,6.29,NA,2022-04-26 23:28:06
38,Saint-Philippe,-21.3585,55.7679,72.99,83,39,7.99,RE,2022-04-26 23:28:06
39,Jamestown,42.097,-79.2353,43.02,58,100,11.5,US,2022-04-26 23:28:06
40,Broken Hill,-31.95,141.4333,60.51,88,100,10.36,AU,2022-04-26 23:28:07
41,Torbay,47.6666,-52.7314,37.27,95,100,10.36,CA,2022-04-26 23:28:07
42,Touros,-5.1989,-35.4608,79.36,77,4,13.89,BR,2022-04-26 23:28:07
43,Hay River,60.8156,-115.7999,46.36,61,75,6.91,CA,2022-04-26 23:28:08
44,Mana,5.6592,-53.7767,78.44,89,100,6.22,GF,2022-04-26 23:28:08
45,Port Hardy,50.6996,-127.4199,46.58,71,100,11.5,CA,2022-04-26 23:28:08
46,Longyearbyen,78.2186,15.6401,1.24,78,40,5.75,SJ,2022-04-26 23:29:09
47,Butaritari,3.0707,172.7902,81.05,83,46,18.45,KI,2022-04-26 23:29:09
48,Mantes-La-Ville,48.9737,1.7025,50.77,72,83,10.94,FR,2022-04-26 23:29:10
49,Busselton,-33.65,115.3333,55.11,89,40,7.07,AU,2022-04-26 23:29:10
50,Sao Gabriel Da Cachoeira,-0.1303,-67.0892,72.97,99,100,3.18,BR,2022-04-26 23:29:10
51,Vao,-22.6667,167.4833,74.46,59,100,16.53,NC,2022-04-26 23:29:11
52,Yellowknife,62.456,-114.3525,45.12,49,40,5.75,CA,2022-04-26 23:28:50
53,Aksu,41.1231,80.2644,61.14,18,88,7.92,CN,2022-04-26 23:29:11
54,Seydi,39.4816,62.9137,69.3,30,99,13.96,TM,2022-04-26 23:29:11
55,Zhangye,38.9342,100.4517,39.11,80,100,2.8,CN,2022-04-26 23:29:12
56,Doha,25.2867,51.5333,76.98,58,0,4.61,QA,2022-04-26 23:27:00
57,Qandala,11.472,49.8728,82.9,69,18,0.07,SO,2022-04-26 23:29:12
58,Leningradskiy,69.3833,178.4167,17.31,84,60,12.06,RU,2022-04-26 23:29:12
59,Kodinsk,58.6881,99.1844,25.2,90,72,5.86,RU,2022-04-26 23:29:13
60,Maumere,-8.6199,122.2111,78.82,76,96,5.48,ID,2022-04-26 23:29:13
61,Arraial Do Cabo,-22.9661,-42.0278,76.41,89,2,15.28,BR,2022-04-26 23:29:14
62,Dasoguz,41.8363,59.9666,55.35,67,0,6.91,TM,2022-04-26 23:29:14
63,Tukrah,32.5341,20.5791,66.65,47,21,12.82,LY,2022-04-26 23:29:14
64,Thompson,55.7435,-97.8558,41.16,24,0,6.91,CA,2022-04-26 23:29:15
65,Pevek,69.7008,170.3133,34.27,63,99,20.42,RU,2022-04-26 23:29:15
66,Aklavik,68.2191,-135.0107,31.15,90,79,6.91,CA,2022-04-26 23:27:34
67,Saskylakh,71.9167,114.0833,9.61,89,99,3.2,RU,2022-04-26 23:29:16
68,Mount Isa,-20.7333,139.5,73.17,73,75,8.05,AU,2022-04-26 23:27:43
69,San Patricio,28.017,-97.5169,75.87,70,100,10.09,US,2022-04-26 23:29:16
70,Trincomalee,8.5711,81.2335,81.37,78,93,6.15,LK,2022-04-26 23:29:16
71,Florianopolis,-27.6146,-48.5012,73.4,88,40,14.97,BR,2022-04-26 23:28:55
72,Port Lincoln,-34.7333,135.8667,62.73,83,23,5.26,AU,2022-04-26 23:29:17
73,Georgetown,5.4112,100.3354,80.53,93,20,4.61,MY,2022-04-26 23:24:28
74,Birao,10.2849,22.7882,84.36,37,92,3.2,CF,2022-04-26 23:29:17
75,Muyezerskiy,63.9333,31.65,19.63,97,79,2.42,RU,2022-04-26 23:29:17
76,Tasiilaq,65.6145,-37.6368,32.16,95,91,4.03,GL,2022-04-26 23:29:18
77,Toro,4.6117,-76.0814,79.48,93,92,4.27,CO,2022-04-26 23:29:18
78,Bambous Virieux,-20.3428,57.7575,74.21,88,40,4.61,MU,2022-04-26 23:29:18
79,Tibati,6.4667,12.6333,69.42,91,97,3.11,CM,2022-04-26 23:29:19
80,Cascais,38.6979,-9.4215,60.51,74,0,14.0,PT,2022-04-26 23:29:19
81,Cape Town,-33.9258,18.4232,59.92,73,0,18.41,ZA,2022-04-26 23:29:19
82,Palmer,42.1584,-72.3287,53.62,87,100,3.44,US,2022-04-26 23:29:20
83,Flinders,-34.5833,150.8552,65.17,93,100,7.0,AU,2022-04-26 23:29:20
84,Irupi,-20.3453,-41.6411,64.71,95,6,1.03,BR,2022-04-26 23:29:20
85,New Norfolk,-42.7826,147.0587,52.92,87,100,1.97,AU,2022-04-26 23:29:21
86,Muros,42.7762,-9.0603,53.83,93,39,6.85,ES,2022-04-26 23:29:21
87,Zheshart,62.0731,49.5733,37.26,86,96,5.53,RU,2022-04-26 23:29:21
88,Giresun,40.5,38.5,40.21,65,25,3.6,TR,2022-04-26 23:29:22
89,Port Alfred,-33.5906,26.891,57.18,90,16,1.99,ZA,2022-04-26 23:30:22
90,Nome,64.5011,-165.4064,40.15,80,0,6.91,US,2022-04-26 23:30:22
91,Neryungri,56.6709,124.6491,27.32,80,95,7.29,RU,2022-04-26 23:30:23
92,Cabo San Lucas,22.8909,-109.9124,89.62,44,0,6.91,MX,2022-04-26 23:30:23
93,Impfondo,1.6381,18.0667,69.98,98,100,0.89,CG,2022-04-26 23:30:24
94,Mossendjo,-2.9506,12.7261,69.48,99,100,2.42,CG,2022-04-26 23:30:24
95,Saldanha,-33.0117,17.9442,50.05,80,0,11.92,ZA,2022-04-26 23:30:24
96,Bethel,41.3712,-73.414,56.01,92,100,3.44,US,2022-04-26 23:30:25
97,Paamiut,61.994,-49.6678,35.08,94,100,24.36,GL,2022-04-26 23:30:25
98,Rio Pardo,-29.9897,-52.3781,68.16,97,64,5.99,BR,2022-04-26 23:30:26
99,Loanda,-8.8368,13.2343,75.6,90,100,6.85,AO,2022-04-26 23:28:48
100,Esperance,-33.8667,121.9,58.84,61,50,4.05,AU,2022-04-26 23:30:26
101,Durban,-29.8579,31.0292,64.02,73,0,5.01,ZA,2022-04-26 23:30:27
102,Barrow,71.2906,-156.7887,10.42,79,100,13.8,US,2022-04-26 23:30:27
103,Honningsvag,70.9821,25.9704,20.95,73,75,20.71,NO,2022-04-26 23:30:27
104,Odweyne,9.4092,45.064,75.94,62,73,5.19,SO,2022-04-26 23:30:28
105,Cap Malheureux,-19.9842,57.6142,75.47,77,16,3.0,MU,2022-04-26 23:26:33
106,Alofi,-19.0595,-169.9187,76.89,22,100,3.44,NU,2022-04-26 23:30:28
107,Tura,25.5198,90.2201,72.43,92,0,5.48,IN,2022-04-26 23:30:28
108,Yulara,-25.2406,130.9889,60.64,48,99,4.61,AU,2022-04-26 23:30:29
109,Vostok,46.4856,135.8833,32.65,98,96,13.31,RU,2022-04-26 23:30:29
110,Tiksi,71.6872,128.8694,6.82,90,49,0.72,RU,2022-04-26 23:30:29
111,Fairbanks,64.8378,-147.7164,51.76,43,100,4.61,US,2022-04-26 23:25:32
112,Angouleme,45.65,0.15,56.03,60,0,10.36,FR,2022-04-26 23:30:30
113,Agadez,19.75,10.25,81.45,12,0,10.31,NE,2022-04-26 23:30:30
114,Camacha,33.0833,-16.3333,58.42,77,20,8.05,PT,2022-04-26 23:30:30
115,Preobrazheniye,42.9019,133.9064,47.35,46,4,20.09,RU,2022-04-26 23:30:31
116,Zhigansk,66.7697,123.3711,14.95,90,32,12.77,RU,2022-04-26 23:30:31
117,Albany,42.6001,-73.9662,52.39,90,100,4.56,US,2022-04-26 23:28:23
118,Severo-Yeniseyskiy,60.3725,93.0408,20.1,93,76,0.16,RU,2022-04-26 23:30:31
119,Grand Gaube,-20.0064,57.6608,74.37,76,17,3.0,MU,2022-04-26 23:30:21
120,Beipiao,41.7919,120.7792,52.12,19,73,13.78,CN,2022-04-26 23:30:32
121,Pangnirtung,66.1451,-65.7125,-8.46,93,7,5.75,CA,2022-04-26 23:30:32
122,Bermejillo,25.8833,-103.6167,84.24,35,24,20.13,MX,2022-04-26 23:30:32
123,Awbari,26.5921,12.7805,76.37,10,100,3.87,LY,2022-04-26 23:30:33
124,Manzhouli,49.6,117.4333,34.34,39,7,13.65,CN,2022-04-26 23:25:36
125,Dali,25.7,100.1833,59.45,58,0,4.09,CN,2022-04-26 23:30:33
126,Primorsk,46.7348,36.3443,55.58,73,49,8.32,UA,2022-04-26 23:30:33
127,Baykit,61.67,96.37,28.0,78,20,3.42,RU,2022-04-26 23:30:34
128,Vardo,70.3705,31.1107,21.25,74,100,31.92,NO,2022-04-26 23:30:34
129,Puerto Ayora,-0.7393,-90.3518,73.89,82,73,5.28,EC,2022-04-26 23:30:34
130,Kaitangata,-46.2817,169.8464,54.36,77,87,6.24,NZ,2022-04-26 23:30:35
131,Hermanus,-34.4187,19.2345,49.8,78,0,9.57,ZA,2022-04-26 23:30:35
132,Harper,4.375,-7.7169,79.07,85,100,5.88,LR,2022-04-26 23:30:35
133,Sao Joao Da Barra,-21.6403,-41.0511,75.2,89,16,6.87,BR,2022-04-26 23:30:36
134,Goure,13.9835,10.2704,84.52,11,28,10.18,NE,2022-04-26 23:30:36
135,Ghatsila,22.6,86.4833,83.17,46,1,3.96,IN,2022-04-26 23:30:36
136,Sol-Iletsk,51.1631,54.9918,54.39,60,81,12.21,RU,2022-04-26 23:30:36
137,Khatanga,71.9667,102.5,16.02,89,100,9.4,RU,2022-04-26 23:31:37
138,Phalaborwa,-23.943,31.1411,67.28,77,73,7.54,ZA,2022-04-26 23:31:37
139,Sao Filipe,14.8961,-24.4956,74.46,70,18,15.08,CV,2022-04-26 23:31:37
140,Belmonte,-15.8631,-38.8828,76.68,79,25,8.23,BR,2022-04-26 23:31:38
141,Kieta,-6.2167,155.6333,85.32,67,38,3.62,PG,2022-04-26 23:31:38
142,Verkhneyarkeyevo,55.4505,54.3145,57.16,72,85,16.73,RU,2022-04-26 23:31:38
143,Camuy,18.4838,-66.8449,77.85,74,65,8.99,PR,2022-04-26 23:31:39
144,Salaga,8.5508,-0.5188,85.73,49,97,10.56,GH,2022-04-26 23:31:39
145,Haines Junction,60.7522,-137.5108,49.95,43,100,10.36,CA,2022-04-26 23:31:39
146,Gavle,60.6745,17.1417,32.92,53,36,1.99,SE,2022-04-26 23:31:40
147,Udachnyy,66.4167,112.4,18.39,91,73,3.42,RU,2022-04-26 23:31:40
148,Laguna,38.421,-121.4238,80.94,38,0,6.91,US,2022-04-26 23:31:40
149,Sitka,57.0531,-135.33,46.29,76,100,9.22,US,2022-04-26 23:28:07
150,Dikson,73.5069,80.5464,5.79,96,93,8.72,RU,2022-04-26 23:31:41
151,Nikolskoye,59.7035,30.7861,37.87,92,86,5.35,RU,2022-04-26 23:30:02
152,Kushchevskaya,46.5564,39.6386,59.47,69,77,7.81,RU,2022-04-26 23:31:41
153,Gamba,-2.65,10.0,77.47,90,92,3.87,GA,2022-04-26 23:31:41
154,Plettenberg Bay,-34.0527,23.3716,55.62,81,0,3.6,ZA,2022-04-26 23:31:42
155,Otradnoye,59.7775,30.8181,38.03,93,93,5.23,RU,2022-04-26 23:31:42
156,Kodiak,57.79,-152.4072,51.31,50,100,8.05,US,2022-04-26 23:31:42
157,Okato,-39.2,173.8833,58.68,65,77,5.57,NZ,2022-04-26 23:31:43
158,Castro,-24.7911,-50.0119,63.34,90,41,4.38,BR,2022-04-26 23:31:43
159,Pisco,-13.7,-76.2167,67.01,82,0,17.27,PE,2022-04-26 23:30:32
160,Coquimbo,-29.9533,-71.3436,60.53,82,0,3.44,CL,2022-04-26 23:28:00
161,Bull Savanna,17.8868,-77.5902,74.68,81,95,5.48,JM,2022-04-26 23:31:43
162,Yining,29.0361,114.5636,71.37,87,79,1.66,CN,2022-04-26 23:31:44
163,Korla,41.7597,86.1469,53.53,51,0,15.95,CN,2022-04-26 23:31:44
164,Cidreira,-30.1811,-50.2056,71.22,91,25,11.61,BR,2022-04-26 23:30:27
165,Tuy Hoa,13.0833,109.3,80.89,80,31,3.36,VN,2022-04-26 23:31:45
166,Shenjiamen,29.9576,122.298,59.38,87,94,9.48,CN,2022-04-26 23:31:45
167,Willmar,45.1219,-95.0433,42.75,51,75,5.75,US,2022-04-26 23:27:15
168,Ribeira Grande,38.5167,-28.7,63.03,93,67,24.14,PT,2022-04-26 23:31:45
169,Port Elizabeth,-33.918,25.5701,59.29,77,0,5.75,ZA,2022-04-26 23:27:32
170,Roma,43.2128,-75.4557,50.14,69,100,13.8,US,2022-04-26 23:31:46
171,Conakry,9.538,-13.6773,80.67,89,75,6.91,GN,2022-04-26 23:31:46
172,Srednekolymsk,67.45,153.6833,22.33,93,100,12.35,RU,2022-04-26 23:31:46
173,Ermua,43.1833,-2.5,59.74,99,99,2.39,ES,2022-04-26 23:31:47
174,Les Cayes,18.2,-73.75,75.96,80,76,1.72,HT,2022-04-26 23:31:47
175,Boueni,-12.9025,45.0761,78.78,74,36,1.81,YT,2022-04-26 23:31:47
176,Seymchan,62.8833,152.4333,20.93,78,100,9.24,RU,2022-04-26 23:31:48
177,Shache,38.4167,77.2406,61.27,17,77,3.4,CN,2022-04-26 23:31:48
178,Morant Bay,17.8815,-76.4093,78.42,78,91,10.54,JM,2022-04-26 23:28:59
179,Mina,26.0011,-100.5299,74.61,86,98,7.29,MX,2022-04-26 23:31:31
180,Meulaboh,4.1363,96.1285,75.58,82,100,3.04,ID,2022-04-26 23:31:48
181,Erzin,36.9559,36.2,62.22,50,1,2.82,TR,2022-04-26 23:31:49
182,Muzhi,65.3667,64.6667,35.13,97,98,10.2,RU,2022-04-26 23:31:49
183,Rio Gallegos,-51.6226,-69.2181,39.25,75,75,12.66,AR,2022-04-26 23:31:49
184,Dingle,10.9995,122.6711,82.26,80,100,9.44,PH,2022-04-26 23:32:50
185,Qaanaaq,77.484,-69.3632,12.25,72,69,6.64,GL,2022-04-26 23:32:50
186,Khor,47.8861,134.9464,36.77,85,100,6.64,RU,2022-04-26 23:32:50
187,Flin Flon,54.7682,-101.865,35.44,38,0,9.22,CA,2022-04-26 23:32:51
188,Shalinskoye,55.7228,93.7594,38.25,75,98,12.39,RU,2022-04-26 23:32:51
189,East London,-33.0153,27.9116,59.92,79,5,10.02,ZA,2022-04-26 23:32:51
190,Hamilton,39.1834,-84.5333,55.44,49,0,7.0,US,2022-04-26 23:32:52
191,Ostrovnoy,68.0531,39.5131,15.19,79,5,26.46,RU,2022-04-26 23:32:52
192,Kalianget,-7.05,113.9333,82.69,78,100,5.84,ID,2022-04-26 23:32:52
193,Montpellier,43.6109,3.8772,54.12,82,0,4.61,FR,2022-04-26 23:30:04
194,Winnemucca,40.973,-117.7357,71.65,17,40,13.8,US,2022-04-26 23:32:53
195,Macheng,31.1783,115.0319,71.8,76,76,4.34,CN,2022-04-26 23:32:53
196,Whitefish,48.4111,-114.3376,47.21,80,100,8.05,US,2022-04-26 23:32:53
197,Kemise,10.7167,39.8667,66.34,75,93,4.79,ET,2022-04-26 23:32:54
198,Margate,51.3813,1.3862,47.88,74,54,5.01,GB,2022-04-26 23:30:33
199,Gat,31.61,34.7642,72.39,67,92,4.38,IL,2022-04-26 23:32:54
200,Sumbe,-11.2061,13.8437,76.28,89,98,4.32,AO,2022-04-26 23:32:54
201,Nemuro,43.3236,145.575,42.89,99,100,20.67,JP,2022-04-26 23:32:55
202,Ilulissat,69.2167,-51.1,35.62,80,100,4.61,GL,2022-04-26 23:32:55
203,Santana Do Matos,-5.9575,-36.6556,77.41,75,43,17.29,BR,2022-04-26 23:32:55
204,Chiang Khong,20.2613,100.4046,80.06,52,49,0.94,TH,2022-04-26 23:32:56
205,Birzai,56.2,24.75,34.25,89,60,7.2,LT,2022-04-26 23:32:56
206,Acapulco,16.8634,-99.8901,84.02,65,40,11.5,MX,2022-04-26 23:30:10
207,Great Yarmouth,52.6083,1.7305,46.65,77,83,9.84,GB,2022-04-26 23:32:08
208,Norman Wells,65.282,-126.8329,42.84,52,40,12.66,CA,2022-04-26 23:30:05
209,Songjianghe,42.1859,127.479,42.85,35,48,9.01,CN,2022-04-26 23:32:57
210,Vila Franca Do Campo,37.7167,-25.4333,65.19,91,39,8.75,PT,2022-04-26 23:29:43
211,Ubinskoye,55.3068,79.6802,41.85,70,39,4.05,RU,2022-04-26 23:32:57
212,Mabaruma,8.2,-59.7833,75.97,95,100,2.84,GY,2022-04-26 23:32:57
213,Samtredia,42.1537,42.3352,50.27,93,0,1.14,GE,2022-04-26 23:32:58
214,Uthal,25.8072,66.6219,80.02,78,0,3.69,PK,2022-04-26 23:32:58
215,Pella,59.7775,30.8181,38.03,93,93,5.23,RU,2022-04-26 23:32:58
216,Solnechnyy,50.7214,136.6319,26.96,93,100,14.83,RU,2022-04-26 23:32:59
217,Chapais,49.7834,-74.8492,29.98,87,100,6.8,CA,2022-04-26 23:32:59
218,Lasa,46.6166,10.7002,43.68,88,46,4.7,IT,2022-04-26 23:32:59
219,Chuy,-33.6971,-53.4616,69.13,86,56,13.18,UY,2022-04-26 23:33:00
220,Praya,14.9215,-23.5087,70.34,78,75,23.02,CV,2022-04-26 23:33:00
221,Omaruru,-21.4333,15.9333,71.92,31,98,5.06,NA,2022-04-26 23:33:00
222,Natal,-5.795,-35.2094,80.82,78,75,6.91,BR,2022-04-26 23:32:35
223,Jalu,29.0331,21.5482,77.47,19,33,13.89,LY,2022-04-26 23:33:01
224,Ust-Tsilma,65.441,52.1498,31.03,94,100,11.48,RU,2022-04-26 23:33:01
225,Joshimath,30.5667,79.5667,55.71,27,0,8.72,IN,2022-04-26 23:33:02
226,Upernavik,72.7868,-56.1549,24.57,80,94,5.82,GL,2022-04-26 23:33:02
227,Severo-Kurilsk,50.6789,156.125,33.22,82,62,3.38,RU,2022-04-26 23:34:02
228,Vagur,61.4732,-6.8119,42.96,58,88,6.35,FO,2022-04-26 23:34:03
229,California City,35.1258,-117.9859,81.99,15,0,17.27,US,2022-04-26 23:34:03
230,Quelimane,-17.8786,36.8883,71.69,94,46,4.27,MZ,2022-04-26 23:34:03
231,Ossora,59.2353,163.0719,33.21,90,90,6.08,RU,2022-04-26 23:34:04
232,Turek,52.0155,18.5005,38.61,78,38,3.98,PL,2022-04-26 23:34:04
233,Airai,-8.9266,125.4092,67.87,68,74,1.77,TL,2022-04-26 23:30:36
234,Mahebourg,-20.4081,57.7,74.25,88,40,4.61,MU,2022-04-26 23:34:05
235,Saint George,37.1041,-113.5841,84.63,7,0,7.0,US,2022-04-26 23:30:41
236,Kavieng,-2.5744,150.7967,85.44,71,5,15.23,PG,2022-04-26 23:34:05
237,Hambantota,6.1241,81.1185,79.63,83,85,2.68,LK,2022-04-26 23:34:05
238,Hithadhoo,-0.6,73.0833,84.63,72,91,6.26,MV,2022-04-26 23:30:16
239,Luangwa,-15.6167,30.4167,72.93,76,75,6.55,ZM,2022-04-26 23:34:06
240,Chokurdakh,70.6333,147.9167,11.98,93,100,8.32,RU,2022-04-26 23:29:56
241,Ixtapa,20.7,-105.2,79.83,65,0,11.5,MX,2022-04-26 23:33:39
242,Gigmoto,13.7796,124.39,82.24,84,98,11.25,PH,2022-04-26 23:34:07
243,Karratha,-20.7377,116.8463,78.62,59,100,10.31,AU,2022-04-26 23:34:07
244,Caravelas,-17.7125,-39.2481,75.58,81,0,4.97,BR,2022-04-26 23:34:07
245,Port Hedland,-20.3167,118.5667,77.05,50,40,8.05,AU,2022-04-26 23:34:08
246,Lahan,26.7296,86.4951,80.2,42,3,6.29,NP,2022-04-26 23:34:08
247,Wasilla,61.5814,-149.4394,57.18,41,0,8.05,US,2022-04-26 23:33:19
248,Miles City,46.4083,-105.8406,59.97,47,0,18.41,US,2022-04-26 23:34:09
249,Hami,42.8,93.45,55.89,49,87,2.62,CN,2022-04-26 23:34:09
250,Sakakah,29.9697,40.2064,74.77,37,42,6.24,SA,2022-04-26 23:34:09
251,Qasigiannguit,68.8193,-51.1922,35.85,78,100,14.67,GL,2022-04-26 23:34:10
252,Sokoto,13.0609,5.239,84.4,14,53,7.38,NG,2022-04-26 23:34:10
253,Kirkwall,58.9848,-2.9587,42.85,61,100,3.44,GB,2022-04-26 23:34:10
254,Mecca,21.4267,39.8261,80.58,53,0,5.17,SA,2022-04-26 23:30:47
255,Gimli,50.6336,-96.9907,32.02,59,9,3.44,CA,2022-04-26 23:29:40
256,Dubbo,-32.25,148.6167,59.13,94,100,13.8,AU,2022-04-26 23:34:11
257,Scarborough,54.2797,-0.4044,44.17,80,57,1.01,GB,2022-04-26 23:29:24
258,Letnyaya Stavka,45.4306,43.4472,58.14,60,84,3.0,RU,2022-04-26 23:34:11
259,Mangrol,21.1167,70.1167,79.38,78,0,9.75,IN,2022-04-26 23:34:12
260,Senj,44.9894,14.9058,57.87,83,62,4.47,HR,2022-04-26 23:34:12
261,Carnarvon,-24.8667,113.6333,69.87,68,75,17.27,AU,2022-04-26 23:30:08
262,Emerald,-23.5333,148.1667,75.34,73,100,9.22,AU,2022-04-26 23:34:13
263,Miri,4.4148,114.0089,75.34,100,40,9.22,MY,2022-04-26 23:34:13
264,Kanniyakumari,8.0833,77.5667,82.4,79,42,0.54,IN,2022-04-26 23:34:13
265,San Angelo,31.4638,-100.437,75.42,35,100,8.01,US,2022-04-26 23:34:14
266,West Bay,19.3667,-81.4167,78.08,89,40,5.75,KY,2022-04-26 23:34:14
267,San Antonio,29.4241,-98.4936,74.52,64,100,9.22,US,2022-04-26 23:31:11
268,Bathsheba,13.2167,-59.5167,79.41,83,40,5.75,BB,2022-04-26 23:34:15
269,Chateaubelair,13.2833,-61.25,77.52,89,40,8.05,VC,2022-04-26 23:34:15
270,Verkhnyaya Inta,65.9811,60.3094,38.59,89,100,17.83,RU,2022-04-26 23:34:15
271,Faanui,-16.4833,-151.75,82.56,73,21,18.88,PF,2022-04-26 23:34:16
272,Russell,32.3502,-85.1999,72.68,73,20,14.97,US,2022-04-26 23:34:16
273,Loukhi,66.0764,33.0381,17.28,79,60,8.34,RU,2022-04-26 23:35:16
274,Kharabali,47.4196,47.2568,60.06,53,24,8.79,RU,2022-04-26 23:35:17
275,Xichang,27.8964,102.2634,63.03,75,5,2.13,CN,2022-04-26 23:35:17
276,Primero De Enero,21.9469,-78.4283,75.33,67,32,11.61,CU,2022-04-26 23:35:17
277,Havelock,34.8791,-76.9013,73.4,83,75,13.8,US,2022-04-26 23:32:29
278,Sydney Mines,46.2367,-60.2177,46.54,75,100,7.0,CA,2022-04-26 23:35:18
279,Ronne,55.1009,14.7066,39.11,87,88,4.61,DK,2022-04-26 23:35:18
280,Sur,22.5667,59.5289,84.74,48,37,11.68,OM,2022-04-26 23:33:51
281,Talnakh,69.4865,88.3972,11.21,95,93,8.48,RU,2022-04-26 23:35:19
282,Sovetskiy,61.3614,63.5842,45.59,99,100,6.89,RU,2022-04-26 23:35:19
283,Alberton,46.8168,-64.0654,46.53,76,100,11.3,CA,2022-04-26 23:35:20
284,Januaria,-15.4833,-44.3667,74.1,49,0,3.06,BR,2022-04-26 23:35:20
285,Moussoro,13.6408,16.4901,92.77,25,90,4.54,TD,2022-04-26 23:35:21
286,Celestun,20.8667,-90.4,80.4,75,85,20.42,MX,2022-04-26 23:35:22
287,Winslow,35.0242,-110.6974,78.98,9,0,21.85,US,2022-04-26 23:35:22
288,Tezu,27.9167,96.1667,69.93,65,80,4.14,IN,2022-04-26 23:35:23
289,Gazanjyk,39.2446,55.5154,68.45,58,100,10.83,TM,2022-04-26 23:35:23
290,Rudnichnyy,59.617,52.4703,43.02,93,100,3.0,RU,2022-04-26 23:35:24
291,Asau,46.4333,26.4,48.96,84,22,0.89,RO,2022-04-26 23:35:24
292,Provideniya,64.3833,-173.3,26.71,86,75,13.42,RU,2022-04-26 23:35:25
293,Komsomolskiy,40.4272,71.7189,65.12,63,100,9.22,UZ,2022-04-26 23:35:25
294,Asfi,32.2994,-9.2372,61.16,79,3,12.28,MA,2022-04-26 23:32:53
295,Black River,18.0264,-77.8487,77.76,78,96,0.72,JM,2022-04-26 23:35:26
296,Gao,16.6362,1.637,81.3,19,0,11.21,ML,2022-04-26 23:35:26
297,Shihezi,44.3,86.0333,49.41,73,1,4.47,CN,2022-04-26 23:35:27
298,Lata,40.1629,-8.3327,53.92,96,1,1.99,PT,2022-04-26 23:35:27
299,Hirado,33.3597,129.5531,65.39,95,100,14.34,JP,2022-04-26 23:35:28
300,Samarai,-10.6167,150.6667,84.16,70,100,1.86,PG,2022-04-26 23:35:28
301,Villamontes,-21.25,-63.5,81.81,60,54,9.6,BO,2022-04-26 23:35:29
302,Kahului,20.8947,-156.47,84.22,48,0,23.02,US,2022-04-26 23:34:16
303,Turka,49.1541,23.0297,44.15,95,43,0.34,UA,2022-04-26 23:35:29
304,Jagannathpur,22.2333,85.65,77.58,64,2,5.03,IN,2022-04-26 23:35:30
305,Makakilo City,21.3469,-158.0858,82.72,53,40,11.5,US,2022-04-26 23:31:04
306,Sturgeon Falls,46.3646,-79.9326,42.1,87,99,4.12,CA,2022-04-26 23:35:31
307,Kaputa,-8.4689,29.6619,68.4,91,100,6.4,ZM,2022-04-26 23:35:31
308,Zalantun,48.0,122.7167,43.52,45,6,11.74,CN,2022-04-26 23:35:32
309,Awjilah,29.1081,21.2869,77.63,18,32,13.87,LY,2022-04-26 23:35:33
310,San Quintin,30.4833,-115.95,66.24,64,97,12.88,MX,2022-04-26 23:35:33
311,Kurilsk,45.2333,147.8833,43.74,96,100,8.99,RU,2022-04-26 23:35:34
312,Riachao Do Jacuipe,-11.8069,-39.3856,70.32,89,5,5.86,BR,2022-04-26 23:35:34
313,La Ronge,55.1001,-105.2842,44.85,23,0,18.41,CA,2022-04-26 23:35:35
314,Grindavik,63.8424,-22.4338,42.75,87,75,4.61,IS,2022-04-26 23:35:35
315,Cameta,-2.2444,-49.4958,75.49,94,100,5.73,BR,2022-04-26 23:35:36
316,Tuatapere,-46.1333,167.6833,55.13,81,88,5.86,NZ,2022-04-26 23:33:59
317,Vidra,44.2606,26.1697,61.2,68,90,5.14,RO,2022-04-26 23:35:36
318,Luanda,-8.8368,13.2343,75.6,90,100,6.55,AO,2022-04-26 23:35:37
319,Buchanan,5.8808,-10.0467,80.73,86,100,7.61,LR,2022-04-26 23:35:37
320,Bongandanga,1.5,21.05,68.63,100,100,1.32,CD,2022-04-26 23:35:38
321,Patacamaya,-17.2333,-67.9167,51.03,58,10,6.76,BO,2022-04-26 23:36:38
322,Kalmar,56.6616,16.3616,40.96,88,100,5.01,SE,2022-04-26 23:32:46
323,Kyabe,9.4515,18.9449,83.79,50,90,8.19,TD,2022-04-26 23:36:38
324,Shieli,44.1667,66.75,58.46,40,1,9.28,KZ,2022-04-26 23:36:39
325,Borshchiv,48.8033,26.0435,47.28,86,92,3.51,UA,2022-04-26 23:36:39
326,Yenagoa,4.9247,6.2642,78.03,94,88,3.65,NG,2022-04-26 23:36:40
327,Broome,42.2506,-75.833,50.97,85,100,11.5,US,2022-04-26 23:36:40
328,Assiniboia,49.6334,-105.9845,49.82,40,49,26.46,CA,2022-04-26 23:36:13
329,Bandar-E Lengeh,26.5579,54.8807,79.14,78,61,7.27,IR,2022-04-26 23:36:40
330,Hervey Bay,-25.2986,152.8535,77.02,70,99,5.01,AU,2022-04-26 23:36:41
331,Kismayo,-0.3582,42.5454,80.82,80,90,7.27,SO,2022-04-26 23:36:41
332,Bataipora,-22.2953,-53.2711,77.22,58,30,5.3,BR,2022-04-26 23:36:41
333,Saint-Francois,46.4154,3.9054,44.67,87,0,1.14,FR,2022-04-26 23:36:42
334,Mahibadhoo,3.7833,72.9667,83.75,72,56,1.74,MV,2022-04-26 23:36:42
335,Mombetsu,44.3525,143.3525,53.58,78,95,24.23,JP,2022-04-26 23:36:42
336,Sibolga,1.7427,98.7792,77.67,79,95,3.09,ID,2022-04-26 23:36:43
337,Beringovskiy,63.05,179.3167,32.32,99,100,7.85,RU,2022-04-26 23:36:43
338,Bam,29.106,58.357,77.99,26,89,8.23,IR,2022-04-26 23:36:43
339,Kyren,51.6828,102.1408,35.37,46,19,1.57,RU,2022-04-26 23:36:44
340,Husavik,66.0449,-17.3389,37.56,99,100,7.23,IS,2022-04-26 23:36:44
341,Antibes,43.5624,7.1278,58.98,85,75,13.8,FR,2022-04-26 23:35:38
342,Praia,14.9215,-23.5087,70.34,78,75,23.02,CV,2022-04-26 23:36:44
343,Kelheim,48.9167,11.8667,44.89,91,55,2.95,DE,2022-04-26 23:36:45
344,Saint-Denis,48.9167,2.3333,51.08,66,0,12.66,FR,2022-04-26 23:36:45
345,Mingaora,34.7758,72.3625,66.4,37,10,7.87,PK,2022-04-26 23:36:45
346,Boyolangu,-8.1181,111.8935,77.41,88,96,3.74,ID,2022-04-26 23:36:46
347,Hualmay,-11.0964,-77.6139,68.07,85,51,9.73,PE,2022-04-26 23:36:46
348,Katsuura,35.1333,140.3,69.82,90,100,26.69,JP,2022-04-26 23:36:46
349,Chor,25.5167,69.7667,82.71,50,0,12.08,PK,2022-04-26 23:36:47
350,Aktau,43.65,51.2,63.18,35,96,15.03,KZ,2022-04-26 23:36:47
351,Vila,42.0304,-8.1588,45.48,92,3,3.49,PT,2022-04-26 23:36:48
352,Nyurba,63.2842,118.3319,27.75,79,55,3.02,RU,2022-04-26 23:36:48
353,Ordu,40.9086,37.6845,37.9,80,24,3.89,TR,2022-04-26 23:36:48
354,Daru,-9.0763,143.2092,82.76,79,100,6.24,PG,2022-04-26 23:36:49
355,Labuhan,-6.8844,112.2051,80.02,83,100,5.7,ID,2022-04-26 23:36:49
356,Bereda,43.2686,-7.5406,49.57,100,62,0.92,ES,2022-04-26 23:36:49
357,Fukue,32.6881,128.8419,66.56,100,75,9.22,JP,2022-04-26 23:36:50
358,Lubumbashi,-11.6609,27.4794,58.98,93,87,4.09,CD,2022-04-26 23:36:50
359,Campo Grande,-20.4428,-54.6464,80.15,61,20,6.91,BR,2022-04-26 23:36:50
360,Klaksvik,62.2266,-6.589,36.52,68,95,5.5,FO,2022-04-26 23:36:51
361,Hobyo,5.3505,48.5268,82.94,67,63,7.54,SO,2022-04-26 23:33:58
362,Great Bend,38.3645,-98.7648,73.85,20,0,25.32,US,2022-04-26 23:36:51
363,Fort Pierce,27.4467,-80.3256,78.82,69,0,8.01,US,2022-04-26 23:33:34
364,Carutapera,-1.195,-46.02,76.3,91,97,7.92,BR,2022-04-26 23:36:52
365,Namibe,-15.1961,12.1522,71.17,74,1,4.59,AO,2022-04-26 23:36:52
366,Ancud,-41.8697,-73.8203,45.37,74,97,12.59,CL,2022-04-26 23:37:52
367,Kaeo,-35.1,173.7833,64.33,76,16,2.19,NZ,2022-04-26 23:37:53
368,Inhambane,-23.865,35.3833,70.11,71,65,10.94,MZ,2022-04-26 23:37:53
369,Pachino,36.7186,15.0907,59.56,65,2,7.34,IT,2022-04-26 23:37:54
370,Nicoya,10.1483,-85.452,82.11,75,96,3.65,CR,2022-04-26 23:37:54
371,Beloha,-25.1667,45.05,72.93,90,100,15.23,MG,2022-04-26 23:37:54
372,Christchurch,-43.5333,172.6333,60.91,74,75,5.75,NZ,2022-04-26 23:35:05
373,Tual,-5.6667,132.75,83.75,73,97,5.28,ID,2022-04-26 23:37:55
374,Olenino,56.2092,33.4889,36.37,95,39,5.28,RU,2022-04-26 23:37:55
375,Dehloran,32.6941,47.2679,75.29,41,21,1.32,IR,2022-04-26 23:37:55
376,Maple Creek,49.9168,-109.4848,68.05,18,99,16.11,CA,2022-04-26 23:37:56
377,Comodoro Rivadavia,-45.8667,-67.5,44.46,61,20,8.05,AR,2022-04-26 23:37:56
378,Vanimo,-2.6741,141.3028,84.72,70,68,6.67,PG,2022-04-26 23:37:57
379,Acajutla,13.5928,-89.8275,84.63,69,53,7.78,SV,2022-04-26 23:37:57
380,Nouadhibou,20.931,-17.0347,64.47,86,0,21.21,MR,2022-04-26 23:37:58
381,Unity,52.4501,-109.1682,57.25,43,100,21.3,CA,2022-04-26 23:37:58
382,Mount Gambier,-37.8333,140.7667,60.71,82,100,9.22,AU,2022-04-26 23:37:58
383,Bilma,18.6853,12.9164,89.44,9,0,9.51,NE,2022-04-26 23:37:59
384,Nanortalik,60.1432,-45.2371,36.99,83,100,8.79,GL,2022-04-26 23:37:59
385,Formosa,-26.1775,-58.1781,85.98,66,0,19.57,AR,2022-04-26 23:37:59
386,Ontario,34.0633,-117.6509,86.45,22,40,13.8,US,2022-04-26 23:37:23
387,Cesme,38.3228,26.3064,64.17,73,88,3.65,TR,2022-04-26 23:38:00
388,Fort Saint James,54.4333,-124.25,41.56,68,100,3.0,CA,2022-04-26 23:38:00
389,Lima,-12.0432,-77.0282,74.89,65,0,13.8,PE,2022-04-26 23:35:27
390,San Juan,-31.5375,-68.5364,76.68,9,0,43.42,AR,2022-04-26 23:38:01
391,Bokoro,12.3807,17.0568,95.52,27,83,4.43,TD,2022-04-26 23:38:01
392,Bintulu,3.1667,113.0333,75.61,94,40,5.01,MY,2022-04-26 23:38:02
393,Tiarei,-17.5333,-149.3333,86.02,71,21,21.5,PF,2022-04-26 23:38:02
394,Never,46.9896,3.159,46.15,93,9,5.3,FR,2022-04-26 23:35:52
395,Bocas Del Toro,9.3333,-82.25,80.04,81,100,7.99,PA,2022-04-26 23:38:03
396,Weihai,37.5017,122.1136,52.34,56,0,12.24,CN,2022-04-26 23:38:03
397,Tiznit,29.5833,-9.5,55.51,82,34,5.84,MA,2022-04-26 23:38:03
398,Mikuni,36.2171,136.1519,58.91,97,100,14.34,JP,2022-04-26 23:38:04
399,Novikovo,51.1537,37.8879,51.17,92,4,6.51,RU,2022-04-26 23:38:04
400,Prince Rupert,54.3161,-130.3201,44.69,76,100,4.61,CA,2022-04-26 23:38:05
401,Dahuk,36.8695,42.994,62.1,75,94,3.44,IQ,2022-04-26 23:38:05
402,Guane,22.2025,-84.0875,78.39,61,42,0.81,CU,2022-04-26 23:38:05
403,Tabuk,17.4189,121.4443,81.27,74,8,5.86,PH,2022-04-26 23:38:06
404,Nador,35.174,-2.9287,61.05,82,0,4.61,MA,2022-04-26 23:38:06
405,Coihaique,-45.5752,-72.0662,36.21,100,75,4.61,CL,2022-04-26 23:38:06
406,Karsun,54.1994,46.9827,53.08,91,32,6.8,RU,2022-04-26 23:38:07
407,Puerto Cabezas,14.0351,-83.3888,75.16,94,75,4.61,NI,2022-04-26 23:38:07
408,San Jeronimo,-11.9472,-75.2829,52.05,78,96,4.29,PE,2022-04-26 23:38:08
409,Fort Morgan,40.2503,-103.8,72.82,11,0,8.05,US,2022-04-26 23:39:08
410,Killybegs,54.6333,-8.45,47.57,76,94,8.79,IE,2022-04-26 23:39:08
411,Praia Da Vitoria,38.7333,-27.0667,62.85,88,20,19.55,PT,2022-04-26 23:37:44
412,Landskrona,55.8708,12.8302,44.55,83,38,7.7,SE,2022-04-26 23:39:09
413,Canaries,28.0,-15.5,58.96,68,40,17.27,ES,2022-04-26 23:39:09
414,Cayeli,41.0923,40.7292,58.15,63,25,1.59,TR,2022-04-26 23:39:10
415,Ahipara,-35.1667,173.1667,65.44,59,97,7.18,NZ,2022-04-26 23:39:10
416,Les Escoumins,48.1111,-69.0236,42.15,94,100,4.18,CA,2022-04-26 23:36:36
417,Tougue,11.4667,-11.6,76.66,24,3,2.93,GN,2022-04-26 23:39:11
418,Nacala,-14.5428,40.6728,73.04,97,88,7.67,MZ,2022-04-26 23:39:11
419,Leshukonskoye,64.8989,45.7622,23.86,93,100,9.78,RU,2022-04-26 23:39:11
420,Ponta Delgada,37.7333,-25.6667,65.5,88,20,10.36,PT,2022-04-26 23:38:28
421,Recife,-8.0539,-34.8811,82.44,65,20,10.36,BR,2022-04-26 23:39:12
422,Oudtshoorn,-33.5907,22.2014,48.56,91,1,2.53,ZA,2022-04-26 23:39:13
423,Kostomuksha,64.571,30.5767,24.48,94,99,4.27,RU,2022-04-26 23:39:13
424,Tecoanapa,16.5167,-98.75,84.38,56,12,5.17,MX,2022-04-26 23:39:13
425,Swan Hill,-35.3378,143.5544,59.99,86,100,11.83,AU,2022-04-26 23:39:14
426,Olinda,-8.0089,-34.8553,82.13,65,20,10.36,BR,2022-04-26 23:38:49
427,Aksarka,66.5606,67.7975,35.4,99,100,15.12,RU,2022-04-26 23:39:14
428,Indianola,41.3581,-93.5574,61.88,35,2,1.28,US,2022-04-26 23:39:15
429,Berlin,52.5244,13.4105,53.94,65,0,8.05,DE,2022-04-26 23:37:40
430,Toksovo,60.1532,30.5165,37.44,92,67,5.82,RU,2022-04-26 23:39:15
431,San Carlos De Bariloche,-41.1456,-71.3082,35.35,93,75,21.85,AR,2022-04-26 23:39:16
432,Ponta Do Sol,32.6667,-17.1,61.72,68,14,3.38,PT,2022-04-26 23:39:16
433,Ialibu,-6.2821,143.9935,63.46,90,85,3.24,PG,2022-04-26 23:39:16
434,Havoysund,70.9963,24.6622,21.43,76,100,25.81,NO,2022-04-26 23:39:17
435,Barcelos,41.5388,-8.6151,57.34,95,6,3.09,PT,2022-04-26 23:39:17
436,Bubaque,11.2833,-15.8333,78.3,75,60,12.57,GW,2022-04-26 23:39:18
437,Buin,-33.7333,-70.75,55.44,90,100,5.79,CL,2022-04-26 23:39:18
438,Avera,33.194,-82.5271,74.71,65,82,6.6,US,2022-04-26 23:39:18
439,Cayenne,4.9333,-52.3333,82.09,1,0,3.44,GF,2022-04-26 23:35:10
440,Batagay,67.6333,134.6333,16.52,89,95,4.74,RU,2022-04-26 23:39:19
441,Auki,-8.7676,160.7034,86.79,62,53,1.7,SB,2022-04-26 23:39:19
442,Okhotsk,59.3833,143.3,28.71,71,14,8.57,RU,2022-04-26 23:39:20
443,Nadym,65.5333,72.5167,32.36,96,100,25.43,RU,2022-04-26 23:39:20
444,Alexandria,31.2156,29.9553,62.56,82,0,5.75,EG,2022-04-26 23:35:58
445,Port-Cartier,50.0334,-66.8654,35.82,99,100,2.57,CA,2022-04-26 23:39:20
446,Arlit,18.7369,7.3853,80.35,13,0,7.18,NE,2022-04-26 23:39:21
447,Mandalgovi,45.7625,106.2708,34.39,20,36,9.66,MN,2022-04-26 23:39:21
448,Lembeni,-3.7833,37.6167,66.02,93,96,5.57,TZ,2022-04-26 23:39:21
449,San Cristobal,7.7669,-72.225,75.38,95,76,0.83,VE,2022-04-26 23:39:22
450,Eyl,7.9803,49.8164,80.44,77,75,6.2,SO,2022-04-26 23:39:22
451,Coahuayana,18.7333,-103.6833,82.92,52,0,5.03,MX,2022-04-26 23:39:23
452,Nuuk,64.1835,-51.7216,38.01,81,75,40.29,GL,2022-04-26 23:39:23
453,Souillac,-20.5167,57.5167,73.78,88,40,4.61,MU,2022-04-26 23:39:23
454,Paharpur,32.1038,70.9724,81.48,22,3,0.47,PK,2022-04-26 23:39:24
455,Isangel,-19.55,169.2667,79.21,58,93,16.98,VU,2022-04-26 23:37:47
456,Anloga,5.7947,0.8973,82.27,83,64,12.86,GH,2022-04-26 23:40:24
457,Tipuani,-15.5648,-68.0185,73.45,93,87,1.03,BO,2022-04-26 23:40:25
458,Takoradi,4.8845,-1.7554,79.99,88,86,8.01,GH,2022-04-26 23:40:25
459,Paea,-17.6833,-149.5833,85.71,62,20,13.8,PF,2022-04-26 23:40:25
460,Ilek,51.5271,53.3831,58.14,54,96,14.45,RU,2022-04-26 23:40:26
461,Ludvika,60.1496,15.1878,32.34,59,74,5.84,SE,2022-04-26 23:40:26
462,Lorengau,-2.0226,147.2712,83.62,80,23,10.04,PG,2022-04-26 23:40:27
463,Teknaf,20.8624,92.3058,78.57,88,17,2.62,BD,2022-04-26 23:40:27
464,Tooele,40.5308,-112.2983,70.97,28,98,4.9,US,2022-04-26 23:37:45
465,Puerto Madero,14.7208,-92.4215,89.8,58,40,12.66,MX,2022-04-26 23:40:28
466,Ambanja,-13.6833,48.45,75.0,90,95,3.02,MG,2022-04-26 23:40:28
467,Marrakesh,31.6315,-8.0083,64.47,52,40,8.05,MA,2022-04-26 23:39:35
468,Salalah,17.0151,54.0924,82.49,74,20,3.44,OM,2022-04-26 23:40:28
469,Montevideo,-34.8335,-56.1674,72.82,83,40,13.8,UY,2022-04-26 23:38:31
470,Brindisi,40.5833,17.6667,58.78,68,0,2.82,IT,2022-04-26 23:40:29
471,Novonikolayevskiy,50.9738,42.3649,57.78,72,100,4.79,RU,2022-04-26 23:40:29
472,Tiruchchendur,8.4833,78.1167,83.3,75,79,2.57,IN,2022-04-26 23:40:29
473,Allanridge,-27.7543,26.6438,49.37,38,0,4.65,ZA,2022-04-26 23:40:30
474,Trairi,-3.2778,-39.2689,75.72,91,90,6.87,BR,2022-04-26 23:38:01
475,Merauke,-8.4667,140.3333,82.67,73,97,5.39,ID,2022-04-26 23:40:30
476,Hauzenberg,48.65,13.6333,46.85,91,100,1.16,DE,2022-04-26 23:40:31
477,Kropotkin,45.4375,40.5756,56.84,91,48,6.46,RU,2022-04-26 23:40:31
478,Svetlaya,46.5389,138.3297,45.59,68,95,11.97,RU,2022-04-26 23:40:31
479,Tommot,58.9564,126.2925,32.72,75,87,1.77,RU,2022-04-26 23:40:32
480,Longjiang,47.3303,123.1836,45.79,41,5,15.95,CN,2022-04-26 23:40:32
481,Sisimiut,66.9395,-53.6735,33.3,93,100,14.38,GL,2022-04-26 23:40:32
482,Xuanzhou,30.9525,118.7553,65.88,77,98,15.03,CN,2022-04-26 23:40:33
483,Ikom,5.9667,8.7063,75.97,93,100,2.1,NG,2022-04-26 23:40:33
484,Payo,-3.7508,103.6372,73.94,92,88,0.74,ID,2022-04-26 23:40:33
485,Manokwari,-0.8667,134.0833,83.84,67,65,4.32,ID,2022-04-26 23:40:34
486,Sorong,-0.8833,131.25,81.09,79,99,4.72,ID,2022-04-26 23:40:34
487,Heinola,61.2056,26.0381,28.0,77,3,6.69,FI,2022-04-26 23:40:34
488,Huainan,32.6264,116.9969,65.1,76,90,15.88,CN,2022-04-26 23:40:35
489,La Grande,45.3246,-118.0877,50.0,66,94,11.43,US,2022-04-26 23:37:12
490,La Palma,33.8464,-118.0467,86.86,54,40,10.36,US,2022-04-26 23:40:35
491,Mandera,3.9366,41.867,77.45,71,72,2.68,KE,2022-04-26 23:40:35
492,Guerrero Negro,27.9769,-114.0611,69.96,52,7,18.66,MX,2022-04-26 23:36:36
493,Fort Nelson,58.8053,-122.7002,42.39,75,75,6.91,CA,2022-04-26 23:40:36
494,Leirvik,59.7798,5.5005,47.62,77,63,3.18,NO,2022-04-26 23:40:36
495,Stornoway,58.2093,-6.3865,44.56,79,44,5.75,GB,2022-04-26 23:40:36
496,General Bravo,25.8,-99.1667,72.99,76,92,12.35,MX,2022-04-26 23:40:37
497,Sao Joao Dos Patos,-6.495,-43.7022,73.81,74,9,3.53,BR,2022-04-26 23:39:08
498,Hirara,24.8,125.2833,80.87,89,40,12.66,JP,2022-04-26 23:40:37
499,Raudeberg,61.9875,5.1352,38.07,75,100,21.7,NO,2022-04-26 23:40:38
500,Naze,28.3667,129.4833,68.92,81,100,12.37,JP,2022-04-26 23:40:38
501,Henties Bay,-22.116,14.2845,63.23,71,1,4.68,NA,2022-04-26 23:41:38
502,Kankaanpaa,61.8,22.4167,25.56,71,23,4.23,FI,2022-04-26 23:41:39
503,San Jose De Guanipa,8.8872,-64.1651,80.06,72,100,10.2,VE,2022-04-26 23:41:39
504,Amot,59.5714,7.9877,35.96,98,85,2.89,NO,2022-04-26 23:41:39
505,Yudong,29.385,106.5194,78.37,81,96,2.21,CN,2022-04-26 23:41:40
506,Itarema,-2.9248,-39.9167,76.46,89,85,9.06,BR,2022-04-26 23:41:40
507,Kant,27.8,79.8,82.65,13,0,4.16,IN,2022-04-26 23:41:40
508,Coeneo,19.8167,-101.5833,75.67,36,70,9.33,MX,2022-04-26 23:41:41
509,Sorland,67.667,12.6934,32.31,56,100,16.55,NO,2022-04-26 23:41:41
510,Batemans Bay,-35.7167,150.1833,64.09,74,85,2.89,AU,2022-04-26 23:41:41
511,Suntar,62.1444,117.6319,30.61,81,80,4.09,RU,2022-04-26 23:41:42
512,Kang,-23.6752,22.7876,60.84,35,1,7.74,BW,2022-04-26 23:41:42
513,Stranda,62.3096,6.9358,38.35,88,100,3.51,NO,2022-04-26 23:41:42
514,Victoria Falls,-17.9235,25.843,66.18,68,20,5.48,ZW,2022-04-26 23:41:43
515,Abonnema,4.7084,6.7931,78.76,89,99,6.2,NG,2022-04-26 23:41:43
516,Taltal,-25.4,-70.4833,63.81,80,100,4.61,CL,2022-04-26 23:41:43
517,Zaysan,47.4667,84.8667,43.12,46,35,5.95,KZ,2022-04-26 23:41:43
518,Nouakchott,18.0858,-15.9785,69.73,70,0,19.77,MR,2022-04-26 23:41:44
519,Padang,-0.9492,100.3543,77.05,84,94,4.7,ID,2022-04-26 23:41:44
520,Byron Bay,-28.65,153.6167,67.95,78,83,5.66,AU,2022-04-26 23:41:44
521,Gravdal,68.1214,13.5031,30.99,56,100,14.29,NO,2022-04-26 23:41:45
522,Ambilobe,-13.2,49.05,72.19,83,78,3.4,MG,2022-04-26 23:41:45
523,Egersund,58.4513,5.9997,45.09,88,36,2.48,NO,2022-04-26 23:41:45
524,Eyrarbakki,63.863,-21.1481,42.85,75,100,2.77,IS,2022-04-26 23:41:46
525,Swellendam,-34.0226,20.4417,54.41,80,0,4.03,ZA,2022-04-26 23:41:46
526,Montgomery,39.1501,-77.1997,60.22,93,100,6.91,US,2022-04-26 23:41:46
527,Luderitz,-26.6481,15.1594,64.96,45,0,8.14,NA,2022-04-26 23:41:46
528,Batagay-Alyta,67.8006,130.4114,14.36,86,99,2.84,RU,2022-04-26 23:41:47
529,Guiratinga,-16.3494,-53.7583,75.07,65,73,3.76,BR,2022-04-26 23:41:47
530,Chernyshevskiy,63.0128,112.4714,24.28,81,60,3.8,RU,2022-04-26 23:41:47
531,Havre-Saint-Pierre,50.2334,-63.5986,39.56,93,100,5.75,CA,2022-04-26 23:41:48
532,Portadown,54.4241,-6.4412,44.47,91,34,6.98,GB,2022-04-26 23:41:48
533,Pontian Kecil,1.4801,103.3899,77.32,85,99,3.8,MY,2022-04-26 23:41:48
534,Tsurugi,36.45,136.6333,59.76,97,100,8.84,JP,2022-04-26 23:41:49
535,Itoman,26.1247,127.6694,79.57,94,75,12.66,JP,2022-04-26 23:41:49
536,San Pedro De Macoris,18.4616,-69.2972,78.93,76,57,13.29,DO,2022-04-26 23:41:49
537,Juybar,36.6412,52.9124,61.3,72,100,2.95,IR,2022-04-26 23:41:50
538,Westport,41.1415,-73.3579,57.27,95,100,0.0,US,2022-04-26 23:38:08
539,Goderich,43.7501,-81.7165,37.72,81,100,6.91,CA,2022-04-26 23:38:53
540,Marzuq,14.4,46.4667,76.17,54,88,3.0,YE,2022-04-26 23:41:50
541,Sembe,1.6481,14.5806,69.33,98,100,2.53,CG,2022-04-26 23:41:50
542,Odessa,46.4775,30.7326,52.86,74,51,8.48,UA,2022-04-26 23:40:42
543,Umm Kaddadah,13.6017,26.6876,81.5,28,100,4.29,SD,2022-04-26 23:41:51
544,Lons,43.3167,-0.4,60.66,72,100,4.61,FR,2022-04-26 23:41:51
545,Maun,-19.9833,23.4167,69.76,49,0,9.22,BW,2022-04-26 23:41:51
546,Presidente Dutra,-5.29,-44.49,73.99,91,67,1.57,BR,2022-04-26 23:41:52
547,Bria,6.5423,21.9863,71.28,92,100,4.45,CF,2022-04-26 23:41:52
548,Polunochnoye,60.8697,60.4153,43.38,98,100,3.69,RU,2022-04-26 23:41:52
549,Mattru,7.6244,-11.8332,78.51,86,53,2.39,SL,2022-04-26 23:42:53
550,Reshetnikovo,56.45,36.5667,37.26,94,43,3.6,RU,2022-04-26 23:42:53
551,Clarence Town,-32.5833,151.7833,70.95,92,96,1.68,AU,2022-04-26 23:42:54
552,Monywa,22.1167,95.1333,87.64,26,1,4.59,MM,2022-04-26 23:42:54
553,Teeli,51.0333,90.2333,39.6,49,96,2.08,RU,2022-04-26 23:42:54
554,Sioux Lookout,50.1001,-91.917,30.27,37,100,8.05,CA,2022-04-26 23:42:55
555,Qaqortoq,60.7167,-46.0333,37.06,82,100,1.7,GL,2022-04-26 23:42:38
556,Kalmunai,7.4167,81.8167,79.92,81,100,3.2,LK,2022-04-26 23:42:55
557,Cozumel,20.5083,-86.9458,82.47,79,40,9.22,MX,2022-04-26 23:42:56
558,Tigil,57.8,158.6667,31.55,87,97,7.74,RU,2022-04-26 23:42:56
559,Magdagachi,53.45,125.8,38.97,35,17,8.48,RU,2022-04-26 23:42:56
560,Callaway,30.153,-85.5699,78.73,71,0,10.36,US,2022-04-26 23:42:57
561,Vila Velha,-20.3297,-40.2925,76.95,93,20,4.61,BR,2022-04-26 23:41:07
562,Richards Bay,-28.783,32.0377,65.89,67,98,11.5,ZA,2022-04-26 23:42:57
563,Pasni,25.2631,63.471,81.37,75,0,7.18,PK,2022-04-26 23:42:58
564,Dryden,49.7833,-92.7503,32.29,34,40,4.61,CA,2022-04-26 23:40:40
565,Latung,5.5,120.8833,80.83,80,100,0.63,PH,2022-04-26 23:42:58
566,Parlakimidi,18.7667,84.0833,77.95,91,9,2.46,IN,2022-04-26 23:42:58
567,Khandyga,62.6667,135.6,27.39,83,81,2.1,RU,2022-04-26 23:38:57
568,Muroto,33.2833,134.15,68.86,93,100,2.73,JP,2022-04-26 23:42:59
569,Stradella,45.0731,9.3008,56.44,83,12,3.13,IT,2022-04-26 23:42:59
570,Puerto Asis,0.5133,-76.5007,75.09,92,49,2.48,CO,2022-04-26 23:42:59
571,Kununurra,-15.7667,128.7333,82.38,57,78,0.0,AU,2022-04-26 23:43:00
572,Kota Tinggi,1.7381,103.8999,80.64,91,99,2.33,MY,2022-04-26 23:43:00
573,Otjimbingwe,-22.35,16.1333,71.2,36,38,2.42,NA,2022-04-26 23:43:00
574,Waingapu,-9.6567,120.2641,78.96,62,99,3.67,ID,2022-04-26 23:43:01
575,Ciudad Ojeda,10.1964,-71.3082,80.67,80,85,10.33,VE,2022-04-26 23:43:01
576,Pathein,16.7833,94.7333,83.61,67,38,9.08,MM,2022-04-26 23:43:01
577,Talara,-4.5772,-81.2719,74.16,68,0,18.41,PE,2022-04-26 23:43:02
578,Villa Carlos Paz,-31.4241,-64.4978,73.38,39,0,1.99,AR,2022-04-26 23:43:02
579,Walvis Bay,-22.9575,14.5053,61.75,72,1,3.44,NA,2022-04-26 23:41:59
580,Turukhansk,65.8167,87.9833,20.82,86,64,4.27,RU,2022-04-26 23:43:03
581,Aitape,-3.1374,142.3475,85.78,65,100,4.0,PG,2022-04-26 23:43:03
582,Kjollefjord,70.9457,27.3465,21.25,71,100,30.27,NO,2022-04-26 23:43:04
583,Kaseda,31.4167,130.3167,69.28,97,100,6.24,JP,2022-04-26 23:43:04
584,Hofn,64.2539,-15.2082,45.0,72,38,4.12,IS,2022-04-26 23:39:33
585,Okha,53.5739,142.9478,29.62,96,100,20.94,RU,2022-04-26 23:43:05
586,Ternate,0.8,127.4,82.45,76,77,3.56,ID,2022-04-26 23:43:05
587,Taoudenni,22.6783,-3.9836,77.41,23,0,11.14,ML,2022-04-26 23:43:06
588,Green River,41.5286,-109.4662,64.8,37,100,7.0,US,2022-04-26 23:43:06
589,Petropavlovsk-Kamchatskiy,53.0452,158.6483,45.19,36,0,8.95,RU,2022-04-26 23:43:06
590,Tayshet,55.9342,98.0044,34.07,97,100,9.19,RU,2022-04-26 23:43:07
591,Pechenga,69.5259,31.1703,18.34,67,100,24.18,RU,2022-04-26 23:43:07
592,Quang Ngai,15.1167,108.8,79.54,76,1,4.7,VN,2022-04-26 23:42:54
593,Goba,7.0167,39.9833,50.58,90,90,2.53,ET,2022-04-26 23:43:08
594,Poum,-20.2333,164.0167,78.66,63,98,21.32,NC,2022-04-26 23:43:08
595,Faya,18.3851,42.4509,55.51,43,26,4.74,SA,2022-04-26 23:43:09
596,Lodingen,68.414,15.9951,23.38,71,94,5.86,NO,2022-04-26 23:44:09
597,Sapa,5.1544,120.3241,79.5,86,100,7.49,PH,2022-04-26 23:44:10
598,Iwaki,37.05,140.8833,74.34,87,100,7.45,JP,2022-04-26 23:42:16
599,Zhuhai,22.2769,113.5678,83.98,94,40,6.91,CN,2022-04-26 23:44:10
